{
    "Modules": {
        "...MASTER...": {
            "start_perf": [
                0.1962440013885498,
                0.067720000000000002,
                0.0066150000000000002,
                212364,
                224360,
                1621861440.0644989,
                9497157431130
            ],
            "nQuads": 0,
            "child_modules": {
                "_vcs_unit__1778430441": 1,
                "std": 1,
                "top": 1
            },
            "end_perf": [
                0.20277500152587891,
                0.068269999999999997,
                0.0085330000000000007,
                213784,
                224360,
                9497177028600,
                0,
                0
            ],
            "nMops": 0,
            "nRouts": 5
        },
        "_vcs_unit__1778430441": {
            "start_perf": [
                0.20290303230285645,
                0.068384,
                0.008548,
                213784,
                224360,
                1621861440.0711579,
                9497177370660
            ],
            "svclass": [
                "SpyPipe",
                0,
                133,
                4,
                4,
                4294967304
            ],
            "child_modules": {},
            "nQuads": 77,
            "Compiled Times": 2,
            "Compiled": "Yes",
            "end_perf": [
                0.20532608032226562,
                0.070793999999999996,
                0.008548,
                213784,
                224360,
                9497184609060,
                4294967297,
                0
            ],
            "nMops": 204,
            "nRouts": 11
        },
        "std": {
            "start_perf": [
                0.20536398887634277,
                0.070832999999999993,
                0.008548,
                213784,
                224360,
                1621861440.0736189,
                9497184692370
            ],
            "svclass": [
                "$vcs_nba_dyn_obj",
                0,
                37,
                2,
                2,
                0,
                "sigprop$$",
                0,
                37,
                2,
                2,
                0,
                "process",
                0,
                184,
                8,
                8,
                0,
                "event",
                0,
                36,
                2,
                2,
                0,
                "mailbox",
                0,
                99,
                9,
                9,
                0,
                "semaphore",
                0,
                69,
                5,
                5,
                0
            ],
            "child_modules": {},
            "nQuads": 213,
            "Compiled Times": 2,
            "Compiled": "Yes",
            "end_perf": [
                0.20747804641723633,
                0.072915999999999995,
                0.0085780000000000006,
                213784,
                224360,
                9497191039770,
                8589934594,
                0
            ],
            "nMops": 462,
            "nRouts": 33
        },
        "top": {
            "start_perf": [
                0.20751404762268066,
                0.072949,
                0.0085819999999999994,
                213784,
                224360,
                1621861440.0757689,
                9497191156080
            ],
            "nQuads": 44,
            "Compiled Times": 2,
            "child_modules": {},
            "Compiled": "Yes",
            "end_perf": [
                0.20835518836975098,
                0.072949,
                0.0094219999999999998,
                213784,
                224360,
                9497193662310,
                12884901889,
                0
            ],
            "nMops": 110,
            "nRouts": 8
        }
    },
    "reusePaths": {
        "imfkK_d": {
            "icPath": "csrc"
        },
        "amcQw_d": {
            "icPath": "csrc"
        },
        "reYIK_d": {
            "icPath": "csrc"
        },
        "Emx8S_d": {
            "icPath": "csrc"
        }
    },
    "CompUnits": {},
    "ObjArchives": [
        {
            "objects": [
                [
                    "amcQwB.o",
                    67526
                ]
            ],
            "archive": "archive.1/_23079_archive_1.a",
            "size": 67526
        }
    ],
    "stat": {
        "ru_childs_end": {
            "ru_utime_sec": 0.027438000000000001,
            "ru_nvcsw": 17,
            "ru_stime_sec": 0.017493999999999999,
            "ru_minflt": 4292,
            "ru_maxrss_kb": 105964,
            "ru_nivcsw": 6,
            "ru_majflt": 0
        },
        "ru_self_end": {
            "ru_utime_sec": 0.072949,
            "ru_nvcsw": 47,
            "ru_stime_sec": 0.012711,
            "ru_minflt": 9361,
            "ru_maxrss_kb": 111144,
            "ru_nivcsw": 10,
            "ru_majflt": 2
        },
        "cpu_cycles_end": 9497205010950,
        "peak_mem_kb": 224360
    }
}